{
  "devices": [
    {
      "installationId": "ad2d0cd5-abcd-4981-bd3c-afc102dae3dc",
      "lastUsed": 1768838674169
    },
    {
      "installationId": "240ec5a5-ed71-4e9d-b509-aefdd0e5c740",
      "lastUsed": 1768836208073
    },
    {
      "installationId": "8bd49b5f-ee7e-4396-9af4-6b7986c1a970",
      "lastUsed": 1768622037730
    },
    {
      "installationId": "99577d31-8abc-433f-8f6f-1f2073cb6766",
      "lastUsed": 1768573413849
    },
    {
      "installationId": "b9294fbd-b4c9-4bf0-8ac2-c8d2e659e91c",
      "lastUsed": 1768560683521
    },
    {
      "installationId": "3c9a160d-ab76-4cf4-95fd-96c833b91fe2",
      "lastUsed": 1768553313692
    }
  ]
}
