{
  "expo": {
    "name": "Brainsta",
    "slug": "Brainsta",
    "version": "1.0.0",
    "orientation": "portrait",
    "icon": "./assets/images/splash.png",
    "scheme": "brainsta",
    "userInterfaceStyle": "automatic",
    "newArchEnabled": true,
    "ios": {
      "supportsTablet": true,
      "bundleIdentifier": "com.narendragd.BrainstaApp",
      "infoPlist": {
        "ITSAppUsesNonExemptEncryption": false
      }
    },
    "android": {
      "adaptiveIcon": {
        "foregroundImage": "./assets/images/adaptive-icon.png",
        "backgroundColor": "#ffffff"
      },
      "edgeToEdgeEnabled": true,
      "package": "com.narendragd.BrainstaApp"
    },
    "web": {
      "bundler": "metro",
      "output": "static",
      "favicon": "./assets/images/favicon.png"
    },
    "plugins": [
      "expo-router",
      [
        "expo-splash-screen",
        {
          "image": "./assets/images/splash.png",
          "imageWidth": 200,
          "resizeMode": "contain",
          "backgroundColor": "#ffffff"
        }
      ]
    ],
    "experiments": {
      "typedRoutes": true
    },
    "extra": {
      "router": {},
      "eas": {
        "projectId": "b97ec795-5c9c-4f50-9489-f8d05d191387"
      }
    },
    "owner": "narendragd"
  }
}
